importance,little,way,decide,kind,count
"if","through","making","here","noon","effect"
"pack","broke","drop","topic","development","duck"
"sat","horn","wealth","due","else","vegetable"
"mass","fort","organized","establish","provide","trip"
"brain","away","create","pay","price","cell"
"skin","girl","visit","grew","clothing","visitor"
"series","system","amount","coast","cow","gently"
"exchange","lungs","stretch","understanding","son","does"
"replied","measure","desk","most","attempt","notice"
"cover","victory","duty","board","structure","opposite"
"bottle","twice","per","label","sport","hundred"
"slipped","suit","water","mail","basket","four"
"mice","swim","guard","mile","chief","line"
"definition","practice","customs","snow","gulf","recently"
"ability","replied","shall","bit","wish","exclaimed"
"everywhere","sink","vast","doll","aid","group"
"ago","how","picture","real","garage","softly"
"against","century","broke","poem","prize","cry"
"take","machine","fat","air","soft","onlinetools"
"dollar","rose","shelf","anybody","roof","making"
"count","believed","needs","spoken","smile","again"
"map","company","paint","porch","flag","smooth"
"wait","damage","hospital","identity","ten","apple"
"value","create","importance","sheep","pig","merely"
"compare","shop","develop","fence","dog","choice"
"lunch","put","coffee","grabbed","contain","boat"
"himself","grown","battle","development","donkey","line"
"shelf","bone","experiment","including","stared","language"
"pot","sort","onlinetools","happened","fall","got"
"along","onto","rubbed","position","teeth","camp"
"eat","song","honor","growth","saw","slept"
"power","whether","them","carry","suppose","attack"
"opposite","dozen","trip","pour","underline","exciting"
"cave","energy","west","meat","relationship","friend"
"second","electric","being","average","reason","labor"
"help","divide","among","mistake","almost","distant"
"him","claws","describe","similar","get","airplane"
"help","all","wait","planet","write","according"
"establish","might","on","look","southern","herself"
"telephone","five","orange","shall","mighty","mill"
"doubt","poet","highest","think","let","ought"
"guard","five","another","fort","wooden","fine"
"land","pair","question","capital","village","hunter"
"office","everyone","feathers","location","taught","signal"
"young","first","bar","reader","wealth","art"
"frequently","solution","master","bit","sitting","increase"
"dozen","generally","exactly","jack","with","chart"
"brother","bigger","tried","would","composition","seldom"
"bus","thing","bag","wonderful","fifty","course"
"object","low","hardly","block","has","powder"
"bark","tired","engineer","tobacco","old","count"
"finish","thee","excitement","symbol","library","turn"
"page","problem","was","honor","station","then"
"later","serve","determine","due","must","sun"
"accident","uncle","barn","deer","rubbed","hospital"
"blue","neck","ordinary","too","enjoy","welcome"
"butter","earn","fur","exist","observe","cheese"
"sit","tax","train","clothing","biggest","arrangement"
"cannot","business","east","salt","gone","do"
"completely","practical","cook","expect","ought","height"
"girl","mouth","together","cap","fair","eight"
"studied","well","village","they","wild","foreign"
"upward","practice","so","sentence","warn","field"
"making","down","wife","smoke","southern","oxygen"
"aside","inside","tell","at","feature","happened"
"brown","made","series","mirror","slow","pencil"
"be","impossible","onlinetools","money","danger","spring"
"motor","realize","fuel","light","be","tonight"
"tears","name","army","engine","summer","evidence"
"sail","tongue","vessels","nails","rear","season"
"half","require","somebody","river","wave","shadow"
"couple","how","drop","rays","offer","suddenly"
"push","help","game","sky","visitor","under"
"can","unhappy","nose","another","offer","proud"
"have","condition","about","swing","key","wherever"
"row","electric","bar","hung","particularly","common"
"branch","race","glad","block","safe","horn"
"farmer","heard","spent","near","drawn","able"
"bright","foreign","jungle","group","win","practice"
"pattern","by","write","system","baby","gasoline"
"no","sold","clean","available","southern","already"
"hearing","leg","game","loss","opposite","donkey"
"trouble","poor","pair","whose","slowly","front"
"aloud","height","rhythm","earth","ability","series"
"gave","moment","nothing","fat","parent","shaking"
"electricity","search","surface","welcome","studied","word"
"soldier","written","program","church","single","between"
"nest","beat","thus","level","result","poor"
"below","daily","park","gray","drove","garage"
"wire","except","unhappy","bring","cross","garden"